shipment_id,sku_id,site_type,process_path,error_type,item_mismatch,final_received,overaged_units,unfilled_units,initial_units,unreceived_units,unit_cost,initial_value,final_value,value_distortion,unreceived_value,correction_minutes_est,labor_cost_est_at_$30hr,hazard_flag,compliance_hold
SHIP-C2WQP5CY,SKU-0158,Standard,Automated (SSCC),SSCC Wrong Item,1,647,14.0,4.0,661,25,6.7,4428.7,4334.9,93.8,167.5,3.57,1.78,0,0
SHIP-GDS9Z2Y3,SKU-0012,Standard,Automated (SSCC),Correct,0,772,0.0,1.0,772,0,9.06,6994.32,6994.32,0.0,0.0,0.2,0.1,0,0
SHIP-SE4QSMF7,SKU-0072,Standard,Automated (SSCC),SSCC Wrong Qty,0,240,26.0,19.0,266,26,13.43,3572.38,3223.2,349.18,349.18,0.95,0.47,0,0
SHIP-3WN4TQQH,SKU-0083,High-compliance,Automated (SSCC),Correct,0,775,0.0,1.0,775,0,9.88,7657.0,7657.0,0.0,0.0,0.61,0.3,0,0
SHIP-CT6C54JW,SKU-0143,Standard,Automated (SSCC),Correct,0,655,0.0,0.0,655,0,6.5,4257.5,4257.5,0.0,0.0,0.41,0.2,0,0
SHIP-F2YMC9Q6,SKU-0024,High-compliance,Automated (SSCC),SSCC Wrong Qty,0,64,21.0,17.0,85,21,16.66,1416.1,1066.24,349.86,349.86,1.61,0.8,0,0
SHIP-X22GMQRB,SKU-0078,High-compliance,Automated (SSCC),Correct,0,368,0.0,0.0,368,0,19.88,7315.84,7315.84,0.0,0.0,0.36,0.18,0,0
SHIP-TEZX7ZM8,SKU-0028,High-compliance,Automated (SSCC),Correct,0,962,0.0,0.0,962,0,11.56,11120.72,11120.72,0.0,0.0,0.3,0.15,0,0
SHIP-PL6MCR3G,SKU-0141,Standard,Automated (SSCC),SSCC Wrong Qty,0,664,26.0,17.0,690,26,14.69,10136.1,9754.16,381.94,381.94,1.99,0.99,0,0
SHIP-QEXRLHUX,SKU-0114,Standard,Automated (SSCC),SSCC Wrong Qty,0,1788,23.0,12.0,1811,23,16.79,30406.69,30020.52,386.17,386.17,1.19,0.6,0,0
SHIP-8PF4WYDK,SKU-0089,Standard,Automated (SSCC),SSCC Wrong Item,1,861,13.0,19.0,874,46,15.88,13879.12,13672.68,206.44,730.48,7.6,3.8,1,1
SHIP-24P34N6K,SKU-0071,High-compliance,Automated (SSCC),Correct,0,1725,0.0,0.0,1725,0,12.27,21165.75,21165.75,0.0,0.0,0.56,0.28,0,0
SHIP-HXWE4G3A,SKU-0028,Standard,Automated (SSCC),Correct,0,1189,2.0,0.0,1191,2,12.17,14494.47,14470.13,24.34,24.34,0.34,0.17,0,0
SHIP-332XRYJ2,SKU-0166,Standard,Manual,SSCC Wrong Item + Qty,1,72,49.0,45.0,121,88,11.7,1415.7,842.4,573.3,1029.6,11.35,5.68,0,0
SHIP-TQSUBEHD,SKU-0116,Standard,Automated (SSCC),Correct,0,366,0.0,0.0,366,0,5.21,1906.86,1906.86,0.0,0.0,0.4,0.2,0,0
SHIP-QXWR5UC2,SKU-0058,Standard,Automated (SSCC),Correct,0,1270,0.0,0.0,1270,0,12.81,16268.7,16268.7,0.0,0.0,0.4,0.2,0,0
SHIP-UWUTCT3K,SKU-0075,Standard,Automated (SSCC),Correct,0,981,0.0,1.0,981,0,4.58,4492.98,4492.98,0.0,0.0,0.47,0.24,0,0
SHIP-VAMP9GJP,SKU-0130,Standard,Automated (SSCC),Correct,0,543,0.0,0.0,543,0,6.07,3296.01,3296.01,0.0,0.0,0.71,0.36,0,0
SHIP-95BH4B5K,SKU-0129,Standard,Automated (SSCC),SSCC Wrong Item,1,939,9.0,10.0,948,39,17.32,16419.36,16263.48,155.88,675.48,6.0,3.0,0,0
SHIP-7KPXETS3,SKU-0083,Standard,Manual,SSCC Wrong Qty,0,1625,22.0,17.0,1647,22,13.74,22629.78,22327.5,302.28,302.28,0.88,0.44,0,0
SHIP-9XPPP4LF,SKU-0055,High-compliance,Automated (SSCC),SSCC Wrong Qty,0,699,42.0,11.0,741,42,18.99,14071.59,13274.01,797.58,797.58,2.31,1.16,0,0
SHIP-LADC2ZYQ,SKU-0119,High-compliance,Automated (SSCC),Correct,0,81,0.0,0.0,81,0,7.88,638.28,638.28,0.0,0.0,0.41,0.2,0,0
SHIP-YF6S8ERY,SKU-0118,High-compliance,Automated (SSCC),Correct,0,559,0.0,0.0,559,0,5.07,2834.13,2834.13,0.0,0.0,0.41,0.2,0,0
SHIP-RQFNHKXW,SKU-0108,Standard,Automated (SSCC),Correct,0,1684,0.0,0.0,1684,0,8.0,13472.0,13472.0,0.0,0.0,0.44,0.22,1,0
SHIP-VM8CLDL8,SKU-0014,Standard,Automated (SSCC),Correct,0,1371,0.0,0.0,1371,0,9.5,13024.5,13024.5,0.0,0.0,0.4,0.2,0,0
SHIP-M7RYQJ29,SKU-0085,Standard,Automated (SSCC),Correct,0,1507,0.0,0.0,1507,0,9.39,14150.73,14150.73,0.0,0.0,0.39,0.2,0,0
SHIP-J2JY3QZJ,SKU-0110,Standard,Automated (SSCC),Correct,0,1640,0.0,0.0,1640,0,15.91,26092.4,26092.4,0.0,0.0,0.49,0.24,1,0
SHIP-CDQ6EQYG,SKU-0171,High-compliance,Manual,Correct,0,211,0.0,0.0,211,0,7.53,1588.83,1588.83,0.0,0.0,0.32,0.16,0,0
SHIP-ZK3UTFQ5,SKU-0095,Standard,Automated (SSCC),SSCC Wrong Qty,0,508,18.0,24.0,526,18,10.76,5659.76,5466.08,193.68,193.68,1.73,0.86,0,0
SHIP-A2RZXPKW,SKU-0062,High-compliance,Manual,SSCC Wrong Qty,0,107,32.0,21.0,139,32,5.51,765.89,589.57,176.32,176.32,2.63,1.32,0,0
SHIP-EUDWWC2P,SKU-0100,Standard,Automated (SSCC),Correct,0,8,0.0,0.0,8,0,11.3,90.4,90.4,0.0,0.0,0.29,0.14,0,0
SHIP-3BFRGLXE,SKU-0032,High-compliance,Manual,Correct,0,1502,0.0,0.0,1503,1,9.04,13587.12,13578.08,9.04,9.04,0.46,0.23,0,0
SHIP-XDFU3FK7,SKU-0017,Standard,Automated (SSCC),SSCC Wrong Qty,0,1686,33.0,17.0,1719,33,6.2,10657.8,10453.2,204.6,204.6,1.8,0.9,1,0
SHIP-9UQMVUKA,SKU-0122,Standard,Automated (SSCC),SSCC Wrong Qty,0,280,19.0,6.0,299,19,8.02,2397.98,2245.6,152.38,152.38,1.26,0.63,1,0
SHIP-E8PRQ3CC,SKU-0177,Standard,Manual,SSCC Wrong Item,1,1299,21.0,12.0,1320,55,8.23,10863.6,10690.77,172.83,452.65,9.04,4.52,0,0
SHIP-JRXRQ8FU,SKU-0152,High-compliance,Automated (SSCC),Correct,0,962,0.0,0.0,962,0,7.88,7580.56,7580.56,0.0,0.0,0.33,0.16,0,0
SHIP-TR3J8LTS,SKU-0105,Standard,Manual,SSCC Wrong Item,1,124,20.0,9.0,144,29,21.88,3150.72,2713.12,437.6,634.52,6.31,3.16,0,0
SHIP-5QKAM4A6,SKU-0008,Standard,Automated (SSCC),Correct,0,1648,0.0,1.0,1648,0,8.59,14156.32,14156.32,0.0,0.0,0.48,0.24,0,0
SHIP-TEKTLDXX,SKU-0177,Standard,Automated (SSCC),Correct,0,1568,0.0,0.0,1568,0,7.99,12528.32,12528.32,0.0,0.0,0.49,0.24,0,0
SHIP-DJHXZZ82,SKU-0081,Standard,Automated (SSCC),Correct,0,1021,0.0,0.0,1021,0,3.16,3226.36,3226.36,0.0,0.0,0.13,0.06,0,0
SHIP-LDV79HHB,SKU-0052,High-compliance,Automated (SSCC),Correct,0,1274,0.0,2.0,1274,0,5.77,7350.98,7350.98,0.0,0.0,0.73,0.36,0,0
SHIP-ETTMK4Q3,SKU-0160,Standard,Manual,Correct,0,715,0.0,0.0,715,0,7.91,5655.65,5655.65,0.0,0.0,0.22,0.11,0,0
SHIP-8LG8WKVS,SKU-0134,High-compliance,Manual,Correct,0,1427,0.0,0.0,1427,0,6.4,9132.8,9132.8,0.0,0.0,0.63,0.32,0,0
SHIP-6J97FFTB,SKU-0135,High-compliance,Automated (SSCC),SSCC Wrong Qty,0,801,15.0,5.0,816,15,18.01,14696.16,14426.01,270.15,270.15,1.36,0.68,0,0
SHIP-KP99E6CZ,SKU-0050,Standard,Automated (SSCC),Correct,0,1780,1.0,1.0,1781,1,8.31,14800.11,14791.8,8.31,8.31,0.54,0.27,0,0
SHIP-56H6DSRL,SKU-0178,Standard,Automated (SSCC),Correct,0,113,0.0,1.0,113,0,17.19,1942.47,1942.47,0.0,0.0,0.31,0.16,1,0
SHIP-A2LXPM6D,SKU-0082,High-compliance,Automated (SSCC),Correct,0,309,0.0,1.0,309,0,9.31,2876.79,2876.79,0.0,0.0,0.46,0.23,0,0
SHIP-ZZNJA78H,SKU-0096,High-compliance,Automated (SSCC),Correct,0,1743,0.0,1.0,1743,0,9.19,16018.17,16018.17,0.0,0.0,0.37,0.18,0,0
SHIP-BDC46EZF,SKU-0135,High-compliance,Automated (SSCC),Correct,0,519,0.0,0.0,519,0,8.63,4478.97,4478.97,0.0,0.0,0.4,0.2,0,0
SHIP-MVZ5BGJK,SKU-0119,High-compliance,Automated (SSCC),Correct,0,559,0.0,0.0,559,0,9.04,5053.36,5053.36,0.0,0.0,0.36,0.18,0,0
SHIP-92L9RSPE,SKU-0031,Standard,Manual,Correct,0,1424,0.0,0.0,1424,0,21.31,30345.44,30345.44,0.0,0.0,0.1,0.05,1,0
SHIP-7AFHJEAX,SKU-0055,High-compliance,Automated (SSCC),SSCC Wrong Qty,0,340,10.0,20.0,350,10,2.83,990.5,962.2,28.3,28.3,1.84,0.92,1,0
SHIP-9DKS7Y2U,SKU-0065,Standard,Automated (SSCC),SSCC Wrong Item + Qty,1,924,47.0,40.0,971,52,3.32,3223.72,3067.68,156.04,172.64,6.09,3.04,0,0
SHIP-PG53AYCZ,SKU-0170,High-compliance,Automated (SSCC),Correct,0,514,0.0,0.0,514,0,6.88,3536.32,3536.32,0.0,0.0,0.33,0.16,0,0
SHIP-4EPDU7CN,SKU-0128,High-compliance,Manual,SSCC Wrong Qty,0,356,15.0,7.0,371,15,9.09,3372.39,3236.04,136.35,136.35,1.11,0.56,0,0
SHIP-9KERSXL8,SKU-0066,Standard,Automated (SSCC),SSCC Wrong Item,1,1735,19.0,6.0,1754,51,12.74,22345.96,22103.9,242.06,649.74,9.11,4.56,0,0
SHIP-SK87RAVT,SKU-0132,High-compliance,Automated (SSCC),SSCC Wrong Item + Qty,1,359,53.0,39.0,412,80,11.43,4709.16,4103.37,605.79,914.4,10.57,5.28,0,0
SHIP-EW4DZEZP,SKU-0133,Standard,Automated (SSCC),SSCC Wrong Qty,0,169,30.0,14.0,199,30,7.45,1482.55,1259.05,223.5,223.5,1.54,0.77,0,0
SHIP-A8FVF7Z3,SKU-0071,Standard,Manual,SSCC Wrong Item,1,1213,24.0,13.0,1237,48,15.02,18579.74,18219.26,360.48,720.96,6.45,3.22,0,0
SHIP-PQW35AXD,SKU-0073,Standard,Automated (SSCC),SSCC Wrong Item,1,1561,14.0,12.0,1575,52,15.11,23798.25,23586.71,211.54,785.72,7.7,3.85,0,0
SHIP-K4J3QHLS,SKU-0161,Standard,Automated (SSCC),SSCC Wrong Qty,0,229,19.0,18.0,248,19,9.89,2452.72,2264.81,187.91,187.91,1.7,0.85,0,0
SHIP-2V752VKP,SKU-0101,High-compliance,Automated (SSCC),Correct,0,1274,1.0,1.0,1275,1,14.6,18615.0,18600.4,14.6,14.6,0.29,0.14,0,0
SHIP-DM7PDW85,SKU-0027,Standard,Manual,Correct,0,973,0.0,2.0,973,0,10.34,10060.82,10060.82,0.0,0.0,0.47,0.24,0,0
SHIP-JQSHJH9Z,SKU-0129,Standard,Automated (SSCC),Correct,0,1494,0.0,0.0,1494,0,6.82,10189.08,10189.08,0.0,0.0,0.18,0.09,0,0
SHIP-448D6CRV,SKU-0106,Standard,Automated (SSCC),Correct,0,228,0.0,0.0,228,0,12.79,2916.12,2916.12,0.0,0.0,0.25,0.12,0,0
SHIP-MEG4LK7E,SKU-0092,High-compliance,Automated (SSCC),Correct,0,1756,1.0,0.0,1757,1,9.54,16761.78,16752.24,9.54,9.54,0.32,0.16,0,0
SHIP-77VFEKUE,SKU-0130,High-compliance,Automated (SSCC),Correct,0,1114,0.0,0.0,1114,0,9.03,10059.42,10059.42,0.0,0.0,0.53,0.26,0,0
SHIP-QDTAYBGF,SKU-0163,High-compliance,Automated (SSCC),SSCC Wrong Qty,0,1515,39.0,12.0,1554,39,18.85,29292.9,28557.75,735.15,735.15,2.4,1.2,0,0
SHIP-4BPUSX3N,SKU-0060,High-compliance,Automated (SSCC),SSCC Wrong Qty,0,651,41.0,21.0,692,41,2.65,1833.8,1725.15,108.65,108.65,1.63,0.82,1,0
SHIP-4L9SZ635,SKU-0076,Standard,Automated (SSCC),SSCC Wrong Item,1,1698,23.0,19.0,1721,38,4.44,7641.24,7539.12,102.12,168.72,7.36,3.68,1,1
SHIP-TBRF6HHH,SKU-0034,High-compliance,Automated (SSCC),Correct,0,1127,0.0,0.0,1127,0,4.99,5623.73,5623.73,0.0,0.0,0.45,0.22,0,0
SHIP-WU8PKBAM,SKU-0116,High-compliance,Automated (SSCC),Correct,0,228,1.0,0.0,229,1,7.53,1724.37,1716.84,7.53,7.53,0.5,0.25,0,0
SHIP-7S6DC4DB,SKU-0073,High-compliance,Automated (SSCC),SSCC Wrong Qty,0,1661,16.0,10.0,1677,16,7.95,13332.15,13204.95,127.2,127.2,1.04,0.52,0,0
SHIP-N7YD4436,SKU-0062,Standard,Automated (SSCC),SSCC Wrong Item,1,1432,25.0,16.0,1457,26,4.25,6192.25,6086.0,106.25,110.5,8.34,4.17,0,0
SHIP-H9L3U2WW,SKU-0125,High-compliance,Automated (SSCC),SSCC Wrong Item + Qty,1,540,48.0,41.0,588,50,5.51,3239.88,2975.4,264.48,275.5,6.64,3.32,0,0
SHIP-V2ZE4TLS,SKU-0074,Standard,Manual,SSCC Wrong Item,1,982,4.0,9.0,986,11,5.87,5787.82,5764.34,23.48,64.57,7.28,3.64,0,0
SHIP-854Q3NXW,SKU-0084,High-compliance,Automated (SSCC),SSCC Wrong Item,1,698,24.0,10.0,722,46,30.84,22266.48,21526.32,740.16,1418.64,5.01,2.5,0,0
SHIP-HJBEPRFP,SKU-0079,Standard,Automated (SSCC),Correct,0,978,0.0,0.0,978,0,22.22,21731.16,21731.16,0.0,0.0,0.37,0.18,0,0
SHIP-VHLMSMZL,SKU-0047,High-compliance,Automated (SSCC),Correct,0,1737,0.0,0.0,1737,0,7.35,12766.95,12766.95,0.0,0.0,0.38,0.19,0,0
SHIP-PNFXHK38,SKU-0023,Standard,Automated (SSCC),Correct,0,1618,0.0,0.0,1618,0,7.52,12167.36,12167.36,0.0,0.0,0.51,0.26,0,0
SHIP-X75R2LQT,SKU-0149,High-compliance,Automated (SSCC),SSCC Wrong Qty,0,387,23.0,24.0,410,23,5.08,2082.8,1965.96,116.84,116.84,1.16,0.58,0,0
SHIP-85RWG3TT,SKU-0017,High-compliance,Automated (SSCC),SSCC Wrong Item + Qty,1,1749,33.0,29.0,1782,79,3.48,6201.36,6086.52,114.84,274.92,8.51,4.26,0,0
SHIP-2WCKFZBG,SKU-0059,High-compliance,Manual,Correct,0,788,0.0,0.0,788,0,8.51,6705.88,6705.88,0.0,0.0,0.23,0.12,0,0
SHIP-VYS57E8V,SKU-0120,High-compliance,Automated (SSCC),SSCC Wrong Qty,0,1268,10.0,4.0,1278,10,5.48,7003.44,6948.64,54.8,54.8,1.18,0.59,0,0
SHIP-WDVZUCS7,SKU-0024,High-compliance,Automated (SSCC),Correct,0,1375,0.0,0.0,1375,0,8.65,11893.75,11893.75,0.0,0.0,0.53,0.26,0,0
SHIP-ZE88F3PU,SKU-0118,Standard,Automated (SSCC),Correct,0,869,0.0,0.0,869,0,4.05,3519.45,3519.45,0.0,0.0,0.1,0.05,0,0
SHIP-Q39378CJ,SKU-0132,Standard,Automated (SSCC),Correct,0,821,0.0,1.0,821,0,6.17,5065.57,5065.57,0.0,0.0,0.2,0.1,0,0
SHIP-ZUBDSVFF,SKU-0119,High-compliance,Manual,Correct,0,821,0.0,0.0,821,0,9.72,7980.12,7980.12,0.0,0.0,0.38,0.19,1,0
SHIP-EUAURQXS,SKU-0055,Standard,Automated (SSCC),SSCC Wrong Item + Qty,1,1552,26.0,44.0,1578,69,10.84,17105.52,16823.68,281.84,747.96,9.08,4.54,0,0
SHIP-Z273SRHV,SKU-0004,Standard,Automated (SSCC),Correct,0,695,0.0,0.0,695,0,11.12,7728.4,7728.4,0.0,0.0,0.2,0.1,0,0
SHIP-E75D3DZC,SKU-0159,High-compliance,Manual,SSCC Wrong Item,1,503,21.0,14.0,524,32,4.66,2441.84,2343.98,97.86,149.12,6.17,3.08,0,0
SHIP-RXZP72GX,SKU-0059,High-compliance,Automated (SSCC),SSCC Wrong Qty,0,650,39.0,13.0,689,39,13.84,9535.76,8996.0,539.76,539.76,1.36,0.68,1,0
SHIP-ZLZ642WJ,SKU-0145,High-compliance,Automated (SSCC),Correct,0,350,0.0,0.0,350,0,6.05,2117.5,2117.5,0.0,0.0,0.47,0.24,0,0
SHIP-3MTLLF8E,SKU-0036,High-compliance,Automated (SSCC),Correct,0,704,0.0,0.0,704,0,12.38,8715.52,8715.52,0.0,0.0,0.3,0.15,1,0
SHIP-C7TQZNEZ,SKU-0030,Standard,Manual,SSCC Wrong Item,1,205,31.0,16.0,236,46,8.98,2119.28,1840.9,278.38,413.08,8.92,4.46,0,0
SHIP-FT87M2VR,SKU-0140,Standard,Automated (SSCC),Correct,0,161,0.0,1.0,161,0,4.53,729.33,729.33,0.0,0.0,0.36,0.18,0,0
SHIP-ENW9AY58,SKU-0169,Standard,Automated (SSCC),SSCC Wrong Item,1,1302,26.0,6.0,1328,75,7.71,10238.88,10038.42,200.46,578.25,7.13,3.56,0,0
SHIP-PDJ56WDD,SKU-0155,Standard,Manual,Correct,0,139,0.0,0.0,139,0,10.83,1505.37,1505.37,0.0,0.0,0.49,0.24,0,0
SHIP-RUBXTADQ,SKU-0135,Standard,Manual,SSCC Wrong Qty,0,1022,41.0,24.0,1063,41,12.26,13032.38,12529.72,502.66,502.66,1.86,0.93,0,0
SHIP-Z4PK8QLQ,SKU-0045,High-compliance,Automated (SSCC),SSCC Wrong Item,1,1403,30.0,8.0,1433,43,8.41,12051.53,11799.23,252.3,361.63,9.95,4.97,0,0
SHIP-AKS7Z3TD,SKU-0164,High-compliance,Automated (SSCC),Correct,0,1304,0.0,1.0,1304,0,19.41,25310.64,25310.64,0.0,0.0,0.47,0.24,0,0
SHIP-N9B6XK24,SKU-0120,High-compliance,Automated (SSCC),Correct,0,802,0.0,0.0,802,0,14.94,11981.88,11981.88,0.0,0.0,0.59,0.3,1,0
SHIP-BDX9AXEW,SKU-0031,High-compliance,Automated (SSCC),SSCC Wrong Item + Qty,1,348,32.0,33.0,380,72,7.94,3017.2,2763.12,254.08,571.68,6.44,3.22,0,0
SHIP-VCX65AHH,SKU-0024,High-compliance,Manual,Correct,0,1675,1.0,0.0,1676,1,13.13,22005.88,21992.75,13.13,13.13,0.29,0.14,0,0
SHIP-QE523GA7,SKU-0156,Standard,Automated (SSCC),Correct,0,1503,0.0,0.0,1503,0,23.73,35666.19,35666.19,0.0,0.0,0.23,0.12,0,0
SHIP-KX7BAAFB,SKU-0050,High-compliance,Automated (SSCC),Correct,0,1101,0.0,0.0,1101,0,24.05,26479.05,26479.05,0.0,0.0,0.44,0.22,1,0
SHIP-4V938HK5,SKU-0138,High-compliance,Manual,Correct,0,156,0.0,0.0,156,0,4.88,761.28,761.28,0.0,0.0,0.41,0.2,1,0
SHIP-HBX387D2,SKU-0025,Standard,Automated (SSCC),SSCC Wrong Qty,0,63,11.0,15.0,74,11,5.68,420.32,357.84,62.48,62.48,0.95,0.47,0,0
SHIP-5Y44QBQG,SKU-0051,High-compliance,Automated (SSCC),SSCC Wrong Qty,0,567,24.0,3.0,591,24,18.96,11205.36,10750.32,455.04,455.04,1.09,0.55,1,0
SHIP-DDYSTZTW,SKU-0051,Standard,Automated (SSCC),Correct,0,283,0.0,0.0,283,0,5.32,1505.56,1505.56,0.0,0.0,0.21,0.1,1,0
SHIP-C5QE4ZBG,SKU-0051,High-compliance,Automated (SSCC),SSCC Wrong Item,1,1548,14.0,13.0,1562,41,4.66,7278.92,7213.68,65.24,191.06,3.0,1.5,1,1
SHIP-AJDYS9ZV,SKU-0121,Standard,Manual,Correct,0,370,0.0,0.0,370,0,7.08,2619.6,2619.6,0.0,0.0,0.33,0.16,1,0
SHIP-SBCVABH6,SKU-0164,High-compliance,Automated (SSCC),Correct,0,508,0.0,0.0,508,0,11.14,5659.12,5659.12,0.0,0.0,0.3,0.15,0,0
SHIP-QYPFMC2F,SKU-0163,Standard,Automated (SSCC),SSCC Wrong Qty,0,1756,20.0,14.0,1776,20,8.57,15220.32,15048.92,171.4,171.4,1.53,0.76,0,0
SHIP-N9UQT3JW,SKU-0133,High-compliance,Automated (SSCC),SSCC Wrong Item + Qty,1,1472,56.0,23.0,1528,74,6.52,9962.56,9597.44,365.12,482.48,13.06,6.53,0,0
SHIP-5UQEH8TK,SKU-0037,High-compliance,Manual,Correct,0,393,1.0,0.0,394,1,6.44,2537.36,2530.92,6.44,6.44,0.62,0.31,0,0
SHIP-PUTYJWQ8,SKU-0172,Standard,Automated (SSCC),Correct,0,690,0.0,0.0,690,0,6.32,4360.8,4360.8,0.0,0.0,0.32,0.16,0,0
SHIP-FEQSYN7R,SKU-0098,High-compliance,Manual,Correct,0,928,0.0,0.0,928,0,5.81,5391.68,5391.68,0.0,0.0,0.44,0.22,0,0
SHIP-ED9E8JCK,SKU-0098,High-compliance,Manual,SSCC Wrong Item,1,1195,21.0,9.0,1216,27,28.24,34339.84,33746.8,593.04,762.48,6.12,3.06,1,1
SHIP-VP3VNW9P,SKU-0126,Standard,Automated (SSCC),Correct,0,1685,1.0,0.0,1686,1,10.47,17652.42,17641.95,10.47,10.47,0.17,0.08,0,0
SHIP-EP4G8UVL,SKU-0138,High-compliance,Manual,Correct,0,1568,0.0,0.0,1568,0,14.06,22046.08,22046.08,0.0,0.0,0.65,0.32,1,0
SHIP-7BKPRREH,SKU-0171,Standard,Automated (SSCC),SSCC Wrong Qty,0,1758,29.0,9.0,1787,29,7.07,12634.09,12429.06,205.03,205.03,1.41,0.7,0,0
SHIP-DUMUUYTW,SKU-0105,Standard,Automated (SSCC),Correct,0,73,0.0,0.0,73,0,8.22,600.06,600.06,0.0,0.0,0.51,0.26,0,0
SHIP-UWVLH3LT,SKU-0110,High-compliance,Automated (SSCC),Correct,0,425,0.0,0.0,425,0,6.32,2686.0,2686.0,0.0,0.0,0.29,0.14,0,0
SHIP-GPSWSM8S,SKU-0134,Standard,Manual,Correct,0,1013,0.0,0.0,1013,0,2.5,2532.5,2532.5,0.0,0.0,0.38,0.19,1,0
SHIP-3ZT6E75S,SKU-0046,High-compliance,Manual,Correct,0,88,0.0,0.0,88,0,4.53,398.64,398.64,0.0,0.0,0.27,0.14,0,0
SHIP-ZSJ3HLS4,SKU-0056,Standard,Manual,Correct,0,639,0.0,0.0,639,0,3.65,2332.35,2332.35,0.0,0.0,0.59,0.3,0,0
SHIP-NRBDBC54,SKU-0112,High-compliance,Manual,SSCC Wrong Item,1,276,11.0,11.0,287,42,2.93,840.91,808.68,32.23,123.06,7.14,3.57,0,0
SHIP-4BCJULRF,SKU-0012,High-compliance,Automated (SSCC),SSCC Wrong Qty,0,1679,39.0,23.0,1718,39,4.96,8521.28,8327.84,193.44,193.44,3.23,1.62,0,0
SHIP-ZLCZ6AP4,SKU-0058,High-compliance,Manual,SSCC Wrong Qty,0,113,21.0,8.0,134,21,17.5,2345.0,1977.5,367.5,367.5,1.29,0.64,0,0
SHIP-Y5PMYEHV,SKU-0129,Standard,Manual,SSCC Wrong Item + Qty,1,267,12.0,21.0,279,40,8.83,2463.57,2357.61,105.96,353.2,6.23,3.12,1,1
SHIP-XDSMS8C9,SKU-0175,Standard,Automated (SSCC),Correct,0,351,0.0,0.0,351,0,17.21,6040.71,6040.71,0.0,0.0,0.51,0.26,0,0
SHIP-Q2PK2YEY,SKU-0093,Standard,Automated (SSCC),Correct,0,267,0.0,0.0,267,0,11.08,2958.36,2958.36,0.0,0.0,0.19,0.1,0,0
SHIP-2N7WLAXG,SKU-0072,Standard,Automated (SSCC),SSCC Wrong Item + Qty,1,1023,67.0,13.0,1090,81,13.35,14551.5,13657.05,894.45,1081.35,6.16,3.08,0,0
SHIP-2SQFYFP4,SKU-0079,Standard,Manual,Correct,0,655,0.0,0.0,655,0,5.75,3766.25,3766.25,0.0,0.0,0.25,0.12,1,0
SHIP-798TG439,SKU-0123,Standard,Automated (SSCC),SSCC Wrong Qty,0,1642,30.0,12.0,1672,30,11.73,19612.56,19260.66,351.9,351.9,2.21,1.1,0,0
SHIP-WESQ4NLC,SKU-0098,Standard,Automated (SSCC),SSCC Wrong Qty,0,469,26.0,23.0,495,26,12.99,6430.05,6092.31,337.74,337.74,2.05,1.02,0,0
SHIP-42BPRR7E,SKU-0005,Standard,Automated (SSCC),Correct,0,966,0.0,0.0,966,0,6.76,6530.16,6530.16,0.0,0.0,0.19,0.1,0,0
SHIP-KFH78BWH,SKU-0097,High-compliance,Automated (SSCC),Correct,0,1188,0.0,0.0,1188,0,11.94,14184.72,14184.72,0.0,0.0,0.37,0.18,0,0
SHIP-GKGR9UZR,SKU-0072,Standard,Automated (SSCC),Correct,0,1126,0.0,0.0,1126,0,11.98,13489.48,13489.48,0.0,0.0,0.18,0.09,0,0
SHIP-ACJH445W,SKU-0126,Standard,Automated (SSCC),Correct,0,1433,0.0,0.0,1433,0,6.86,9830.38,9830.38,0.0,0.0,0.39,0.2,0,0
SHIP-TWPX32VB,SKU-0157,High-compliance,Manual,Correct,0,363,1.0,0.0,364,1,5.15,1874.6,1869.45,5.15,5.15,0.18,0.09,0,0
SHIP-ZMZT6L75,SKU-0173,High-compliance,Automated (SSCC),Correct,0,913,0.0,0.0,913,0,4.99,4555.87,4555.87,0.0,0.0,0.48,0.24,0,0
SHIP-LRT2Y5MS,SKU-0110,High-compliance,Manual,SSCC Wrong Qty,0,1441,18.0,12.0,1459,18,9.42,13743.78,13574.22,169.56,169.56,1.21,0.6,0,0
SHIP-P7KUD5NL,SKU-0065,Standard,Automated (SSCC),SSCC Wrong Item,1,1553,17.0,9.0,1570,34,10.63,16689.1,16508.39,180.71,361.42,6.56,3.28,1,1
SHIP-UR5TSDAN,SKU-0080,High-compliance,Manual,SSCC Wrong Item,1,1112,19.0,18.0,1131,53,6.07,6865.17,6749.84,115.33,321.71,6.09,3.04,0,0
SHIP-97WWNFAL,SKU-0032,Standard,Automated (SSCC),Correct,0,1173,0.0,0.0,1173,0,9.15,10732.95,10732.95,0.0,0.0,0.34,0.17,0,0
SHIP-LGJAV7YQ,SKU-0168,Standard,Automated (SSCC),Correct,0,1555,0.0,0.0,1555,0,12.0,18660.0,18660.0,0.0,0.0,0.52,0.26,0,0
SHIP-PKEVUAPJ,SKU-0152,Standard,Automated (SSCC),Correct,0,1124,0.0,1.0,1124,0,12.29,13813.96,13813.96,0.0,0.0,0.22,0.11,0,0
SHIP-FYSWY93V,SKU-0153,High-compliance,Automated (SSCC),Correct,0,1707,0.0,0.0,1707,0,19.61,33474.27,33474.27,0.0,0.0,0.26,0.13,0,0
SHIP-6R92W6SZ,SKU-0059,Standard,Automated (SSCC),SSCC Wrong Item + Qty,1,229,14.0,12.0,243,17,17.09,4152.87,3913.61,239.26,290.53,8.2,4.1,0,0
SHIP-K8V3Q5CD,SKU-0058,Standard,Manual,Correct,0,626,0.0,0.0,626,0,5.47,3424.22,3424.22,0.0,0.0,0.1,0.05,0,0
SHIP-SZ3QWT8W,SKU-0154,High-compliance,Automated (SSCC),Correct,0,201,0.0,0.0,201,0,20.94,4208.94,4208.94,0.0,0.0,0.39,0.2,0,0
SHIP-P9D9EK4Z,SKU-0098,High-compliance,Automated (SSCC),SSCC Wrong Item,1,163,21.0,6.0,184,68,6.92,1273.28,1127.96,145.32,470.56,5.38,2.69,0,0
SHIP-9ZWMADKB,SKU-0127,High-compliance,Automated (SSCC),Correct,0,849,1.0,0.0,850,1,15.22,12937.0,12921.78,15.22,15.22,0.44,0.22,0,0
SHIP-S28R695Q,SKU-0088,High-compliance,Automated (SSCC),Correct,0,406,0.0,0.0,406,0,9.34,3792.04,3792.04,0.0,0.0,0.24,0.12,1,0
SHIP-L9HPC3WC,SKU-0080,Standard,Automated (SSCC),Correct,0,732,1.0,1.0,733,1,7.34,5380.22,5372.88,7.34,7.34,0.54,0.27,0,0
SHIP-HTT3J7Q4,SKU-0114,Standard,Automated (SSCC),SSCC Wrong Qty,0,788,20.0,6.0,808,20,3.66,2957.28,2884.08,73.2,73.2,1.16,0.58,0,0
SHIP-HBBM8BMD,SKU-0146,Standard,Automated (SSCC),SSCC Wrong Qty,0,1117,9.0,18.0,1126,9,8.28,9323.28,9248.76,74.52,74.52,1.65,0.82,0,0
SHIP-7X2YX2A5,SKU-0060,Standard,Manual,Correct,0,1702,0.0,0.0,1702,0,4.14,7046.28,7046.28,0.0,0.0,0.4,0.2,0,0
SHIP-ZZN3NB7H,SKU-0145,Standard,Automated (SSCC),SSCC Wrong Item,1,1528,6.0,17.0,1534,31,14.64,22457.76,22369.92,87.84,453.84,9.38,4.69,1,1
SHIP-DVH5QA8S,SKU-0044,Standard,Automated (SSCC),SSCC Wrong Item,1,680,18.0,16.0,698,29,19.27,13450.46,13103.6,346.86,558.83,5.59,2.8,0,0
SHIP-JXSA2NY6,SKU-0073,Standard,Automated (SSCC),SSCC Wrong Item,1,586,15.0,7.0,601,18,6.06,3642.06,3551.16,90.9,109.08,6.38,3.19,0,0
SHIP-VXJHP5SM,SKU-0164,High-compliance,Automated (SSCC),Correct,0,1387,0.0,0.0,1387,0,10.5,14563.5,14563.5,0.0,0.0,0.46,0.23,0,0
SHIP-256KYUQN,SKU-0171,Standard,Automated (SSCC),Correct,0,222,1.0,1.0,223,1,6.28,1400.44,1394.16,6.28,6.28,0.56,0.28,0,0
SHIP-DJT65GXC,SKU-0166,High-compliance,Manual,SSCC Wrong Item,1,972,25.0,5.0,997,46,6.59,6570.23,6405.48,164.75,303.14,11.94,5.97,1,1
SHIP-XLQYP3T9,SKU-0057,Standard,Automated (SSCC),Correct,0,761,0.0,0.0,761,0,13.29,10113.69,10113.69,0.0,0.0,0.31,0.16,0,0
SHIP-WK2PTEDU,SKU-0151,Standard,Automated (SSCC),SSCC Wrong Qty,0,329,26.0,8.0,355,26,8.85,3141.75,2911.65,230.1,230.1,1.29,0.64,0,0
SHIP-F95YZVBN,SKU-0168,Standard,Manual,SSCC Wrong Qty,0,1109,29.0,11.0,1138,29,21.54,24512.52,23887.86,624.66,624.66,1.26,0.63,0,0
SHIP-R7HRMEDM,SKU-0176,High-compliance,Automated (SSCC),Correct,0,577,0.0,0.0,577,0,7.09,4090.93,4090.93,0.0,0.0,0.43,0.22,0,0
SHIP-CCMGTAKQ,SKU-0004,Standard,Manual,SSCC Wrong Qty,0,334,40.0,8.0,374,40,14.87,5561.38,4966.58,594.8,594.8,2.06,1.03,0,0
SHIP-8W6LQP68,SKU-0134,High-compliance,Automated (SSCC),SSCC Wrong Item + Qty,1,1175,8.0,39.0,1183,27,9.48,11214.84,11139.0,75.84,255.96,8.84,4.42,0,0
SHIP-82ST9KM6,SKU-0179,Standard,Automated (SSCC),SSCC Wrong Qty,0,313,25.0,27.0,338,25,13.44,4542.72,4206.72,336.0,336.0,2.58,1.29,0,0
SHIP-NHTL67KS,SKU-0137,High-compliance,Manual,Correct,0,1211,0.0,0.0,1211,0,7.22,8743.42,8743.42,0.0,0.0,0.31,0.16,0,0
SHIP-9ZGUVWAK,SKU-0042,Standard,Manual,SSCC Wrong Item,1,291,18.0,3.0,309,31,8.8,2719.2,2560.8,158.4,272.8,5.78,2.89,0,0
SHIP-5HKLFEM5,SKU-0137,Standard,Manual,Correct,0,782,1.0,1.0,783,1,8.52,6671.16,6662.64,8.52,8.52,0.57,0.28,0,0
SHIP-AKBTJ3U3,SKU-0019,High-compliance,Automated (SSCC),SSCC Wrong Qty,0,1454,26.0,16.0,1480,26,5.94,8791.2,8636.76,154.44,154.44,1.95,0.98,1,0
SHIP-WQ5R89UX,SKU-0087,High-compliance,Manual,SSCC Wrong Item,1,411,10.0,13.0,421,50,12.57,5291.97,5166.27,125.7,628.5,4.76,2.38,0,0
SHIP-J4X6J3RF,SKU-0113,Standard,Automated (SSCC),SSCC Wrong Qty,0,1381,6.0,10.0,1387,6,12.49,17323.63,17248.69,74.94,74.94,1.28,0.64,0,0
SHIP-FTLDPWL8,SKU-0082,Standard,Automated (SSCC),Correct,0,1299,0.0,0.0,1299,0,12.14,15769.86,15769.86,0.0,0.0,0.28,0.14,0,0
SHIP-2S7PEB88,SKU-0126,High-compliance,Automated (SSCC),Correct,0,1624,1.0,0.0,1625,1,19.46,31622.5,31603.04,19.46,19.46,0.45,0.22,1,0
SHIP-ZDKBBHUC,SKU-0044,High-compliance,Automated (SSCC),Correct,0,303,0.0,0.0,303,0,18.63,5644.89,5644.89,0.0,0.0,0.29,0.14,0,0
SHIP-9QJS3LBB,SKU-0109,Standard,Automated (SSCC),Correct,0,1287,0.0,0.0,1287,0,7.48,9626.76,9626.76,0.0,0.0,0.67,0.34,0,0
SHIP-5DWN2B6Y,SKU-0116,Standard,Automated (SSCC),Correct,0,1686,0.0,0.0,1686,0,10.88,18343.68,18343.68,0.0,0.0,0.53,0.26,0,0
SHIP-QG9KRNHP,SKU-0114,Standard,Automated (SSCC),SSCC Wrong Qty,0,1373,11.0,10.0,1384,11,6.61,9148.24,9075.53,72.71,72.71,0.97,0.48,0,0
SHIP-EAKDP5FA,SKU-0052,High-compliance,Manual,Correct,0,338,1.0,0.0,339,1,9.13,3095.07,3085.94,9.13,9.13,0.52,0.26,0,0
SHIP-DSJRALPP,SKU-0055,Standard,Manual,SSCC Wrong Qty,0,1479,38.0,18.0,1517,38,6.69,10148.73,9894.51,254.22,254.22,1.97,0.98,0,0
SHIP-T2Q4SJHL,SKU-0047,High-compliance,Automated (SSCC),SSCC Wrong Item,1,193,20.0,19.0,213,21,20.29,4321.77,3915.97,405.8,426.09,8.29,4.14,0,0
SHIP-VH7R5XLH,SKU-0083,High-compliance,Manual,Correct,0,1059,0.0,0.0,1059,0,10.82,11458.38,11458.38,0.0,0.0,0.51,0.26,1,0
SHIP-ZLH7RBRQ,SKU-0105,Standard,Automated (SSCC),SSCC Wrong Qty,0,895,36.0,0.0,931,36,8.09,7531.79,7240.55,291.24,291.24,1.72,0.86,0,0
SHIP-5YGEVBLE,SKU-0065,High-compliance,Automated (SSCC),SSCC Wrong Qty,0,955,26.0,7.0,981,26,16.39,16078.59,15652.45,426.14,426.14,1.38,0.69,0,0
SHIP-A7CA7G4B,SKU-0074,Standard,Manual,Correct,0,935,1.0,1.0,936,1,3.05,2854.8,2851.75,3.05,3.05,0.45,0.22,0,0
SHIP-EDYVRHCU,SKU-0052,Standard,Automated (SSCC),Correct,0,56,0.0,0.0,56,0,3.3,184.8,184.8,0.0,0.0,0.46,0.23,1,0
SHIP-HUX5RAJ5,SKU-0040,Standard,Automated (SSCC),SSCC Wrong Qty,0,914,17.0,19.0,931,17,13.44,12512.64,12284.16,228.48,228.48,0.87,0.44,1,0
SHIP-TVQF6295,SKU-0118,Standard,Automated (SSCC),SSCC Wrong Item + Qty,1,1686,23.0,11.0,1709,50,9.3,15893.7,15679.8,213.9,465.0,4.45,2.22,0,0
SHIP-KJH7TQ8V,SKU-0147,High-compliance,Automated (SSCC),SSCC Wrong Qty,0,786,9.0,0.0,795,9,10.23,8132.85,8040.78,92.07,92.07,0.84,0.42,0,0
SHIP-79CMZ4EL,SKU-0053,High-compliance,Manual,SSCC Wrong Item,1,498,6.0,17.0,504,19,4.65,2343.6,2315.7,27.9,88.35,7.98,3.99,0,0
SHIP-T3DVKGSP,SKU-0155,High-compliance,Automated (SSCC),SSCC Wrong Item + Qty,1,1790,45.0,14.0,1835,73,8.92,16368.2,15966.8,401.4,651.16,8.99,4.5,1,1
SHIP-WL4C5AZM,SKU-0103,Standard,Automated (SSCC),Correct,0,178,0.0,0.0,178,0,24.58,4375.24,4375.24,0.0,0.0,0.46,0.23,0,0
SHIP-NAYFXZ5Y,SKU-0031,Standard,Automated (SSCC),SSCC Wrong Qty,0,875,35.0,7.0,910,35,13.63,12403.3,11926.25,477.05,477.05,1.6,0.8,0,0
SHIP-KZ4LD6EV,SKU-0066,High-compliance,Automated (SSCC),Correct,0,922,0.0,0.0,922,0,9.82,9054.04,9054.04,0.0,0.0,0.66,0.33,0,0
SHIP-HE2EXYBF,SKU-0002,High-compliance,Automated (SSCC),SSCC Wrong Item + Qty,1,860,68.0,22.0,928,99,7.25,6728.0,6235.0,493.0,717.75,8.75,4.38,1,1
SHIP-3SD9JA7A,SKU-0008,High-compliance,Manual,Correct,0,1659,0.0,0.0,1659,0,7.41,12293.19,12293.19,0.0,0.0,0.29,0.14,1,0
SHIP-T9UUNEU6,SKU-0061,Standard,Manual,Correct,0,759,0.0,1.0,759,0,3.11,2360.49,2360.49,0.0,0.0,0.28,0.14,1,0
SHIP-C6PTFVFJ,SKU-0082,Standard,Manual,SSCC Wrong Item,1,1751,21.0,12.0,1772,28,10.27,18198.44,17982.77,215.67,287.56,8.25,4.12,0,0
SHIP-ZBQVEKLX,SKU-0143,Standard,Automated (SSCC),Correct,0,120,0.0,0.0,120,0,13.77,1652.4,1652.4,0.0,0.0,0.19,0.1,1,0
SHIP-94GABVFH,SKU-0025,Standard,Manual,SSCC Wrong Qty,0,1321,14.0,12.0,1335,14,4.1,5473.5,5416.1,57.4,57.4,1.26,0.63,1,0
SHIP-554JVVFT,SKU-0151,High-compliance,Automated (SSCC),Correct,0,1067,1.0,0.0,1068,1,6.48,6920.64,6914.16,6.48,6.48,0.12,0.06,0,0
SHIP-SN2XTZ2U,SKU-0042,Standard,Automated (SSCC),SSCC Wrong Item + Qty,1,432,50.0,48.0,482,58,5.06,2438.92,2185.92,253.0,293.48,8.65,4.32,0,0
SHIP-J2Y9EP7S,SKU-0025,Standard,Automated (SSCC),SSCC Wrong Item,1,410,23.0,5.0,433,28,5.57,2411.81,2283.7,128.11,155.96,4.99,2.5,1,1
SHIP-8AB3MSPP,SKU-0126,High-compliance,Automated (SSCC),Correct,0,1295,1.0,0.0,1296,1,9.27,12013.92,12004.65,9.27,9.27,0.21,0.1,0,0
SHIP-8D26XNFX,SKU-0139,Standard,Manual,SSCC Wrong Qty,0,1147,24.0,5.0,1171,24,3.18,3723.78,3647.46,76.32,76.32,1.49,0.74,0,0
SHIP-REM8JFXG,SKU-0109,High-compliance,Automated (SSCC),Correct,0,1100,1.0,0.0,1101,1,12.27,13509.27,13497.0,12.27,12.27,0.24,0.12,0,0
SHIP-7597HGLR,SKU-0021,Standard,Manual,SSCC Wrong Qty,0,91,37.0,4.0,128,37,13.16,1684.48,1197.56,486.92,486.92,1.28,0.64,0,0
SHIP-6ZW6WNPS,SKU-0021,Standard,Automated (SSCC),SSCC Wrong Qty,0,1076,6.0,18.0,1082,6,7.96,8612.72,8564.96,47.76,47.76,1.36,0.68,0,0
SHIP-CZWZT38U,SKU-0070,Standard,Automated (SSCC),SSCC Wrong Item,1,1766,6.0,13.0,1772,26,2.61,4624.92,4609.26,15.66,67.86,3.94,1.97,0,0
SHIP-QD26Y553,SKU-0081,Standard,Automated (SSCC),Correct,0,31,0.0,0.0,31,0,5.48,169.88,169.88,0.0,0.0,0.51,0.26,0,0
SHIP-SDAGPZQA,SKU-0179,High-compliance,Automated (SSCC),Correct,0,844,0.0,0.0,844,0,16.72,14111.68,14111.68,0.0,0.0,0.25,0.12,1,0
SHIP-G99N3Z76,SKU-0052,Standard,Automated (SSCC),SSCC Wrong Qty,0,889,24.0,23.0,913,24,2.5,2282.5,2222.5,60.0,60.0,1.3,0.65,0,0
SHIP-WNWLMVUU,SKU-0035,Standard,Automated (SSCC),SSCC Wrong Qty,0,1614,31.0,25.0,1645,31,7.59,12485.55,12250.26,235.29,235.29,1.93,0.96,0,0
SHIP-NPAVU7SQ,SKU-0170,Standard,Manual,Correct,0,509,0.0,0.0,509,0,5.0,2545.0,2545.0,0.0,0.0,0.36,0.18,1,0
SHIP-CGLNMN2E,SKU-0028,Standard,Automated (SSCC),Correct,0,856,0.0,1.0,856,0,13.49,11547.44,11547.44,0.0,0.0,0.43,0.22,0,0
SHIP-LFKXBLA8,SKU-0005,High-compliance,Automated (SSCC),Correct,0,1290,0.0,0.0,1290,0,6.44,8307.6,8307.6,0.0,0.0,0.59,0.3,0,0
SHIP-ZHGDR2U6,SKU-0076,Standard,Automated (SSCC),SSCC Wrong Item,1,108,29.0,4.0,137,49,11.04,1512.48,1192.32,320.16,540.96,11.05,5.52,0,0
SHIP-MJRG9FRS,SKU-0072,Standard,Automated (SSCC),Correct,0,1441,0.0,0.0,1441,0,11.97,17248.77,17248.77,0.0,0.0,0.41,0.2,0,0
SHIP-BQQJEBAR,SKU-0111,High-compliance,Automated (SSCC),Correct,0,1479,0.0,1.0,1479,0,22.6,33425.4,33425.4,0.0,0.0,0.58,0.29,0,0
SHIP-C8HWXR6D,SKU-0158,Standard,Automated (SSCC),SSCC Wrong Item + Qty,1,1295,25.0,24.0,1320,51,8.15,10758.0,10554.25,203.75,415.65,5.74,2.87,0,0
SHIP-HJEKL2K6,SKU-0167,Standard,Automated (SSCC),Correct,0,1166,1.0,0.0,1167,1,10.89,12708.63,12697.74,10.89,10.89,0.41,0.2,1,0
SHIP-26D9V9M8,SKU-0052,Standard,Automated (SSCC),SSCC Wrong Qty,0,1345,43.0,13.0,1388,43,4.3,5968.4,5783.5,184.9,184.9,1.37,0.68,0,0
SHIP-UCPE8KHT,SKU-0176,Standard,Automated (SSCC),Correct,0,1407,0.0,0.0,1407,0,16.37,23032.59,23032.59,0.0,0.0,0.14,0.07,0,0
SHIP-PD45ZVNT,SKU-0114,High-compliance,Automated (SSCC),SSCC Wrong Item,1,1626,14.0,13.0,1640,57,6.17,10118.8,10032.42,86.38,351.69,5.54,2.77,1,1
SHIP-SFCJQFD5,SKU-0013,Standard,Automated (SSCC),SSCC Wrong Qty,0,770,27.0,6.0,797,27,6.82,5435.54,5251.4,184.14,184.14,0.78,0.39,0,0
SHIP-MUSZZK5M,SKU-0168,High-compliance,Automated (SSCC),SSCC Wrong Item,1,820,27.0,13.0,847,41,8.93,7563.71,7322.6,241.11,366.13,6.67,3.34,0,0
SHIP-4ND2A2BG,SKU-0025,Standard,Automated (SSCC),Correct,0,1148,1.0,0.0,1149,1,4.13,4745.37,4741.24,4.13,4.13,0.45,0.22,0,0
SHIP-V8PDH6ZD,SKU-0106,Standard,Automated (SSCC),Correct,0,347,0.0,0.0,347,0,10.12,3511.64,3511.64,0.0,0.0,0.56,0.28,0,0
SHIP-NJF5VFWP,SKU-0142,Standard,Manual,SSCC Wrong Qty,0,1541,22.0,6.0,1563,22,14.64,22882.32,22560.24,322.08,322.08,1.22,0.61,0,0
SHIP-BQFH6YE5,SKU-0045,Standard,Automated (SSCC),Correct,0,1386,0.0,0.0,1386,0,10.45,14483.7,14483.7,0.0,0.0,0.36,0.18,0,0
SHIP-U5ZLTSZH,SKU-0049,Standard,Automated (SSCC),Correct,0,1135,0.0,0.0,1135,0,4.08,4630.8,4630.8,0.0,0.0,0.43,0.22,0,0
SHIP-LHKFB8C6,SKU-0086,Standard,Automated (SSCC),Correct,0,542,0.0,0.0,542,0,8.48,4596.16,4596.16,0.0,0.0,0.29,0.14,0,0
SHIP-A2LSKRQS,SKU-0159,Standard,Automated (SSCC),SSCC Wrong Item + Qty,1,625,43.0,9.0,668,85,13.08,8737.44,8175.0,562.44,1111.8,4.42,2.21,0,0
SHIP-NT4PMEME,SKU-0041,Standard,Automated (SSCC),SSCC Wrong Qty,0,782,40.0,5.0,822,40,3.53,2901.66,2760.46,141.2,141.2,1.76,0.88,0,0
SHIP-F8CR48EF,SKU-0119,Standard,Manual,SSCC Wrong Qty,0,1192,13.0,16.0,1205,13,5.27,6350.35,6281.84,68.51,68.51,1.6,0.8,0,0
SHIP-MT8GFJ5A,SKU-0082,High-compliance,Manual,SSCC Wrong Qty,0,1400,18.0,13.0,1418,18,13.99,19837.82,19586.0,251.82,251.82,1.39,0.7,0,0
SHIP-NDF7AL7V,SKU-0021,Standard,Automated (SSCC),Correct,0,1209,0.0,0.0,1209,0,10.33,12488.97,12488.97,0.0,0.0,0.18,0.09,0,0
SHIP-CQ9NSTXF,SKU-0128,Standard,Automated (SSCC),Correct,0,1673,0.0,0.0,1673,0,11.09,18553.57,18553.57,0.0,0.0,0.4,0.2,0,0
SHIP-49E44ZMR,SKU-0150,Standard,Automated (SSCC),Correct,0,1729,1.0,0.0,1730,1,22.87,39565.1,39542.23,22.87,22.87,0.49,0.24,0,0
SHIP-4E47XLTB,SKU-0104,Standard,Automated (SSCC),SSCC Wrong Qty,0,1268,45.0,24.0,1313,45,11.41,14981.33,14467.88,513.45,513.45,1.6,0.8,0,0
SHIP-7LB3XVB2,SKU-0032,High-compliance,Automated (SSCC),Correct,0,667,1.0,0.0,668,1,12.54,8376.72,8364.18,12.54,12.54,0.48,0.24,1,0
SHIP-W34GG7SQ,SKU-0028,Standard,Manual,SSCC Wrong Item,1,1078,23.0,11.0,1101,47,35.0,38535.0,37730.0,805.0,1645.0,4.49,2.24,0,0
SHIP-KW2AT9JJ,SKU-0076,High-compliance,Automated (SSCC),SSCC Wrong Item,1,765,12.0,6.0,777,37,8.11,6301.47,6204.15,97.32,300.07,4.88,2.44,0,0
